,robot,iterations,alpha,rho,gamma,strategy,image,ocr_result,confidence
0,,1,0.1,0.5,0.5,1,test1.jpg,1381,0.956357479095459
1,2722,1,0.1,0.5,0.5,1,test2.jpg,2720,0.831427812576294
2,56,1,0.1,0.5,0.5,1,test3.jpg,5R,0.6719388961791992
3,5401,1,0.1,0.5,0.5,1,test4.jpg,SADI,0.8659286499023438
4,8513,1,0.1,0.5,0.5,1,test5.jpg,,0.0
5,75,1,0.1,0.5,0.5,1,test6.jpg,75,0.9282836318016052
6,,1,0.1,0.5,0.5,2,test1.jpg,1381,0.956357479095459
7,2722,1,0.1,0.5,0.5,2,test2.jpg,2720,0.831427812576294
8,56,1,0.1,0.5,0.5,2,test3.jpg,5R,0.6719388961791992
9,5401,1,0.1,0.5,0.5,2,test4.jpg,SADI,0.8659286499023438
10,8513,1,0.1,0.5,0.5,2,test5.jpg,,0.0
11,75,1,0.1,0.5,0.5,2,test6.jpg,75,0.9282836318016052
12,,1,0.1,0.5,1.0,1,test1.jpg,,0.0
13,2722,1,0.1,0.5,1.0,1,test2.jpg,,0.0
14,56,1,0.1,0.5,1.0,1,test3.jpg,,0.0
15,5401,1,0.1,0.5,1.0,1,test4.jpg,,0.0
16,8513,1,0.1,0.5,1.0,1,test5.jpg,,0.0
17,75,1,0.1,0.5,1.0,1,test6.jpg,,0.0
18,,1,0.1,0.5,1.0,2,test1.jpg,,0.0
19,2722,1,0.1,0.5,1.0,2,test2.jpg,,0.0
20,56,1,0.1,0.5,1.0,2,test3.jpg,,0.0
21,5401,1,0.1,0.5,1.0,2,test4.jpg,,0.0
22,8513,1,0.1,0.5,1.0,2,test5.jpg,,0.0
23,75,1,0.1,0.5,1.0,2,test6.jpg,,0.0
24,,1,0.1,0.5,1.5,1,test1.jpg,,0.0
25,2722,1,0.1,0.5,1.5,1,test2.jpg,,0.0
26,56,1,0.1,0.5,1.5,1,test3.jpg,,0.0
27,5401,1,0.1,0.5,1.5,1,test4.jpg,,0.0
28,8513,1,0.1,0.5,1.5,1,test5.jpg,,0.0
29,75,1,0.1,0.5,1.5,1,test6.jpg,,0.0
30,,1,0.1,0.5,1.5,2,test1.jpg,,0.0
31,2722,1,0.1,0.5,1.5,2,test2.jpg,,0.0
32,56,1,0.1,0.5,1.5,2,test3.jpg,,0.0
33,5401,1,0.1,0.5,1.5,2,test4.jpg,,0.0
34,8513,1,0.1,0.5,1.5,2,test5.jpg,,0.0
35,75,1,0.1,0.5,1.5,2,test6.jpg,,0.0
36,,1,0.1,1.0,0.5,1,test1.jpg,1381,0.956357479095459
37,2722,1,0.1,1.0,0.5,1,test2.jpg,2720,0.831427812576294
38,56,1,0.1,1.0,0.5,1,test3.jpg,5R,0.6719388961791992
39,5401,1,0.1,1.0,0.5,1,test4.jpg,SADI,0.8659286499023438
40,8513,1,0.1,1.0,0.5,1,test5.jpg,,0.0
41,75,1,0.1,1.0,0.5,1,test6.jpg,75,0.9282836318016052
42,,1,0.1,1.0,0.5,2,test1.jpg,1381,0.956357479095459
43,2722,1,0.1,1.0,0.5,2,test2.jpg,2720,0.831427812576294
44,56,1,0.1,1.0,0.5,2,test3.jpg,5R,0.6719388961791992
45,5401,1,0.1,1.0,0.5,2,test4.jpg,SADI,0.8659286499023438
46,8513,1,0.1,1.0,0.5,2,test5.jpg,,0.0
47,75,1,0.1,1.0,0.5,2,test6.jpg,75,0.9282836318016052
48,,1,0.1,1.0,1.0,1,test1.jpg,,0.0
49,2722,1,0.1,1.0,1.0,1,test2.jpg,,0.0
50,56,1,0.1,1.0,1.0,1,test3.jpg,,0.0
51,5401,1,0.1,1.0,1.0,1,test4.jpg,,0.0
52,8513,1,0.1,1.0,1.0,1,test5.jpg,,0.0
53,75,1,0.1,1.0,1.0,1,test6.jpg,,0.0
54,,1,0.1,1.0,1.0,2,test1.jpg,,0.0
55,2722,1,0.1,1.0,1.0,2,test2.jpg,,0.0
56,56,1,0.1,1.0,1.0,2,test3.jpg,,0.0
57,5401,1,0.1,1.0,1.0,2,test4.jpg,,0.0
58,8513,1,0.1,1.0,1.0,2,test5.jpg,,0.0
59,75,1,0.1,1.0,1.0,2,test6.jpg,,0.0
60,,1,0.1,1.0,1.5,1,test1.jpg,,0.0
61,2722,1,0.1,1.0,1.5,1,test2.jpg,,0.0
62,56,1,0.1,1.0,1.5,1,test3.jpg,,0.0
63,5401,1,0.1,1.0,1.5,1,test4.jpg,,0.0
64,8513,1,0.1,1.0,1.5,1,test5.jpg,,0.0
65,75,1,0.1,1.0,1.5,1,test6.jpg,,0.0
66,,1,0.1,1.0,1.5,2,test1.jpg,,0.0
67,2722,1,0.1,1.0,1.5,2,test2.jpg,,0.0
68,56,1,0.1,1.0,1.5,2,test3.jpg,,0.0
69,5401,1,0.1,1.0,1.5,2,test4.jpg,,0.0
70,8513,1,0.1,1.0,1.5,2,test5.jpg,,0.0
71,75,1,0.1,1.0,1.5,2,test6.jpg,,0.0
72,,1,0.1,1.5,0.5,1,test1.jpg,1381,0.956357479095459
73,2722,1,0.1,1.5,0.5,1,test2.jpg,2720,0.831427812576294
74,56,1,0.1,1.5,0.5,1,test3.jpg,5R,0.6719388961791992
75,5401,1,0.1,1.5,0.5,1,test4.jpg,SADI,0.8659286499023438
76,8513,1,0.1,1.5,0.5,1,test5.jpg,,0.0
77,75,1,0.1,1.5,0.5,1,test6.jpg,75,0.9282836318016052
78,,1,0.1,1.5,0.5,2,test1.jpg,1381,0.956357479095459
79,2722,1,0.1,1.5,0.5,2,test2.jpg,2720,0.831427812576294
80,56,1,0.1,1.5,0.5,2,test3.jpg,5R,0.6719388961791992
81,5401,1,0.1,1.5,0.5,2,test4.jpg,SADI,0.8659286499023438
82,8513,1,0.1,1.5,0.5,2,test5.jpg,,0.0
83,75,1,0.1,1.5,0.5,2,test6.jpg,75,0.9282836318016052
84,,1,0.1,1.5,1.0,1,test1.jpg,,0.0
85,2722,1,0.1,1.5,1.0,1,test2.jpg,,0.0
86,56,1,0.1,1.5,1.0,1,test3.jpg,,0.0
87,5401,1,0.1,1.5,1.0,1,test4.jpg,,0.0
88,8513,1,0.1,1.5,1.0,1,test5.jpg,,0.0
89,75,1,0.1,1.5,1.0,1,test6.jpg,,0.0
90,,1,0.1,1.5,1.0,2,test1.jpg,,0.0
91,2722,1,0.1,1.5,1.0,2,test2.jpg,,0.0
92,56,1,0.1,1.5,1.0,2,test3.jpg,,0.0
93,5401,1,0.1,1.5,1.0,2,test4.jpg,,0.0
94,8513,1,0.1,1.5,1.0,2,test5.jpg,,0.0
95,75,1,0.1,1.5,1.0,2,test6.jpg,,0.0
96,,1,0.1,1.5,1.5,1,test1.jpg,,0.0
97,2722,1,0.1,1.5,1.5,1,test2.jpg,,0.0
98,56,1,0.1,1.5,1.5,1,test3.jpg,,0.0
99,5401,1,0.1,1.5,1.5,1,test4.jpg,,0.0
100,8513,1,0.1,1.5,1.5,1,test5.jpg,,0.0
101,75,1,0.1,1.5,1.5,1,test6.jpg,,0.0
102,,1,0.1,1.5,1.5,2,test1.jpg,,0.0
103,2722,1,0.1,1.5,1.5,2,test2.jpg,,0.0
104,56,1,0.1,1.5,1.5,2,test3.jpg,,0.0
105,5401,1,0.1,1.5,1.5,2,test4.jpg,,0.0
106,8513,1,0.1,1.5,1.5,2,test5.jpg,,0.0
107,75,1,0.1,1.5,1.5,2,test6.jpg,,0.0
108,,1,0.5,0.5,0.5,1,test1.jpg,1381,0.956357479095459
109,2722,1,0.5,0.5,0.5,1,test2.jpg,2720,0.831427812576294
110,56,1,0.5,0.5,0.5,1,test3.jpg,5R,0.6719388961791992
111,5401,1,0.5,0.5,0.5,1,test4.jpg,SADI,0.8659286499023438
112,8513,1,0.5,0.5,0.5,1,test5.jpg,,0.0
113,75,1,0.5,0.5,0.5,1,test6.jpg,75,0.9282836318016052
114,,1,0.5,0.5,0.5,2,test1.jpg,1381,0.956357479095459
115,2722,1,0.5,0.5,0.5,2,test2.jpg,2720,0.831427812576294
116,56,1,0.5,0.5,0.5,2,test3.jpg,5R,0.6719388961791992
117,5401,1,0.5,0.5,0.5,2,test4.jpg,SADI,0.8659286499023438
118,8513,1,0.5,0.5,0.5,2,test5.jpg,,0.0
119,75,1,0.5,0.5,0.5,2,test6.jpg,75,0.9282836318016052
120,,1,0.5,0.5,1.0,1,test1.jpg,,0.0
121,2722,1,0.5,0.5,1.0,1,test2.jpg,,0.0
122,56,1,0.5,0.5,1.0,1,test3.jpg,,0.0
123,5401,1,0.5,0.5,1.0,1,test4.jpg,,0.0
124,8513,1,0.5,0.5,1.0,1,test5.jpg,,0.0
125,75,1,0.5,0.5,1.0,1,test6.jpg,,0.0
126,,1,0.5,0.5,1.0,2,test1.jpg,,0.0
127,2722,1,0.5,0.5,1.0,2,test2.jpg,,0.0
128,56,1,0.5,0.5,1.0,2,test3.jpg,,0.0
129,5401,1,0.5,0.5,1.0,2,test4.jpg,,0.0
130,8513,1,0.5,0.5,1.0,2,test5.jpg,,0.0
131,75,1,0.5,0.5,1.0,2,test6.jpg,,0.0
132,,1,0.5,0.5,1.5,1,test1.jpg,,0.0
133,2722,1,0.5,0.5,1.5,1,test2.jpg,,0.0
134,56,1,0.5,0.5,1.5,1,test3.jpg,,0.0
135,5401,1,0.5,0.5,1.5,1,test4.jpg,,0.0
136,8513,1,0.5,0.5,1.5,1,test5.jpg,,0.0
137,75,1,0.5,0.5,1.5,1,test6.jpg,,0.0
138,,1,0.5,0.5,1.5,2,test1.jpg,,0.0
139,2722,1,0.5,0.5,1.5,2,test2.jpg,,0.0
140,56,1,0.5,0.5,1.5,2,test3.jpg,,0.0
141,5401,1,0.5,0.5,1.5,2,test4.jpg,,0.0
142,8513,1,0.5,0.5,1.5,2,test5.jpg,,0.0
143,75,1,0.5,0.5,1.5,2,test6.jpg,,0.0
144,,1,0.5,1.0,0.5,1,test1.jpg,1381,0.956357479095459
145,2722,1,0.5,1.0,0.5,1,test2.jpg,2720,0.831427812576294
146,56,1,0.5,1.0,0.5,1,test3.jpg,5R,0.6719388961791992
147,5401,1,0.5,1.0,0.5,1,test4.jpg,SADI,0.8659286499023438
148,8513,1,0.5,1.0,0.5,1,test5.jpg,,0.0
149,75,1,0.5,1.0,0.5,1,test6.jpg,75,0.9282836318016052
150,,1,0.5,1.0,0.5,2,test1.jpg,1381,0.956357479095459
151,2722,1,0.5,1.0,0.5,2,test2.jpg,2720,0.831427812576294
152,56,1,0.5,1.0,0.5,2,test3.jpg,5R,0.6719388961791992
153,5401,1,0.5,1.0,0.5,2,test4.jpg,SADI,0.8659286499023438
154,8513,1,0.5,1.0,0.5,2,test5.jpg,,0.0
155,75,1,0.5,1.0,0.5,2,test6.jpg,75,0.9282836318016052
156,,1,0.5,1.0,1.0,1,test1.jpg,,0.0
157,2722,1,0.5,1.0,1.0,1,test2.jpg,,0.0
158,56,1,0.5,1.0,1.0,1,test3.jpg,,0.0
159,5401,1,0.5,1.0,1.0,1,test4.jpg,,0.0
160,8513,1,0.5,1.0,1.0,1,test5.jpg,,0.0
161,75,1,0.5,1.0,1.0,1,test6.jpg,,0.0
162,,1,0.5,1.0,1.0,2,test1.jpg,,0.0
163,2722,1,0.5,1.0,1.0,2,test2.jpg,,0.0
164,56,1,0.5,1.0,1.0,2,test3.jpg,,0.0
165,5401,1,0.5,1.0,1.0,2,test4.jpg,,0.0
166,8513,1,0.5,1.0,1.0,2,test5.jpg,,0.0
167,75,1,0.5,1.0,1.0,2,test6.jpg,,0.0
168,,1,0.5,1.0,1.5,1,test1.jpg,,0.0
169,2722,1,0.5,1.0,1.5,1,test2.jpg,,0.0
170,56,1,0.5,1.0,1.5,1,test3.jpg,,0.0
171,5401,1,0.5,1.0,1.5,1,test4.jpg,,0.0
172,8513,1,0.5,1.0,1.5,1,test5.jpg,,0.0
173,75,1,0.5,1.0,1.5,1,test6.jpg,,0.0
174,,1,0.5,1.0,1.5,2,test1.jpg,,0.0
175,2722,1,0.5,1.0,1.5,2,test2.jpg,,0.0
176,56,1,0.5,1.0,1.5,2,test3.jpg,,0.0
177,5401,1,0.5,1.0,1.5,2,test4.jpg,,0.0
178,8513,1,0.5,1.0,1.5,2,test5.jpg,,0.0
179,75,1,0.5,1.0,1.5,2,test6.jpg,,0.0
180,,1,0.5,1.5,0.5,1,test1.jpg,1381,0.956357479095459
181,2722,1,0.5,1.5,0.5,1,test2.jpg,2720,0.831427812576294
182,56,1,0.5,1.5,0.5,1,test3.jpg,5R,0.6719388961791992
183,5401,1,0.5,1.5,0.5,1,test4.jpg,SADI,0.8659286499023438
184,8513,1,0.5,1.5,0.5,1,test5.jpg,,0.0
185,75,1,0.5,1.5,0.5,1,test6.jpg,75,0.9282836318016052
186,,1,0.5,1.5,0.5,2,test1.jpg,1381,0.956357479095459
187,2722,1,0.5,1.5,0.5,2,test2.jpg,2720,0.831427812576294
188,56,1,0.5,1.5,0.5,2,test3.jpg,5R,0.6719388961791992
189,5401,1,0.5,1.5,0.5,2,test4.jpg,SADI,0.8659286499023438
190,8513,1,0.5,1.5,0.5,2,test5.jpg,,0.0
191,75,1,0.5,1.5,0.5,2,test6.jpg,75,0.9282836318016052
192,,1,0.5,1.5,1.0,1,test1.jpg,,0.0
193,2722,1,0.5,1.5,1.0,1,test2.jpg,,0.0
194,56,1,0.5,1.5,1.0,1,test3.jpg,,0.0
195,5401,1,0.5,1.5,1.0,1,test4.jpg,,0.0
196,8513,1,0.5,1.5,1.0,1,test5.jpg,,0.0
197,75,1,0.5,1.5,1.0,1,test6.jpg,,0.0
198,,1,0.5,1.5,1.0,2,test1.jpg,,0.0
199,2722,1,0.5,1.5,1.0,2,test2.jpg,,0.0
200,56,1,0.5,1.5,1.0,2,test3.jpg,,0.0
201,5401,1,0.5,1.5,1.0,2,test4.jpg,,0.0
202,8513,1,0.5,1.5,1.0,2,test5.jpg,,0.0
203,75,1,0.5,1.5,1.0,2,test6.jpg,,0.0
204,,1,0.5,1.5,1.5,1,test1.jpg,,0.0
205,2722,1,0.5,1.5,1.5,1,test2.jpg,,0.0
206,56,1,0.5,1.5,1.5,1,test3.jpg,,0.0
207,5401,1,0.5,1.5,1.5,1,test4.jpg,,0.0
208,8513,1,0.5,1.5,1.5,1,test5.jpg,,0.0
209,75,1,0.5,1.5,1.5,1,test6.jpg,,0.0
210,,1,0.5,1.5,1.5,2,test1.jpg,,0.0
211,2722,1,0.5,1.5,1.5,2,test2.jpg,,0.0
212,56,1,0.5,1.5,1.5,2,test3.jpg,,0.0
213,5401,1,0.5,1.5,1.5,2,test4.jpg,,0.0
214,8513,1,0.5,1.5,1.5,2,test5.jpg,,0.0
215,75,1,0.5,1.5,1.5,2,test6.jpg,,0.0
216,,1,1.0,0.5,0.5,1,test1.jpg,1381,0.956357479095459
217,2722,1,1.0,0.5,0.5,1,test2.jpg,2720,0.831427812576294
218,56,1,1.0,0.5,0.5,1,test3.jpg,5R,0.6719388961791992
219,5401,1,1.0,0.5,0.5,1,test4.jpg,SADI,0.8659286499023438
220,8513,1,1.0,0.5,0.5,1,test5.jpg,,0.0
221,75,1,1.0,0.5,0.5,1,test6.jpg,75,0.9282836318016052
222,,1,1.0,0.5,0.5,2,test1.jpg,1381,0.956357479095459
223,2722,1,1.0,0.5,0.5,2,test2.jpg,2720,0.831427812576294
224,56,1,1.0,0.5,0.5,2,test3.jpg,5R,0.6719388961791992
225,5401,1,1.0,0.5,0.5,2,test4.jpg,SADI,0.8659286499023438
226,8513,1,1.0,0.5,0.5,2,test5.jpg,,0.0
227,75,1,1.0,0.5,0.5,2,test6.jpg,75,0.9282836318016052
228,,1,1.0,0.5,1.0,1,test1.jpg,,0.0
229,2722,1,1.0,0.5,1.0,1,test2.jpg,,0.0
230,56,1,1.0,0.5,1.0,1,test3.jpg,,0.0
231,5401,1,1.0,0.5,1.0,1,test4.jpg,,0.0
232,8513,1,1.0,0.5,1.0,1,test5.jpg,,0.0
233,75,1,1.0,0.5,1.0,1,test6.jpg,,0.0
234,,1,1.0,0.5,1.0,2,test1.jpg,,0.0
235,2722,1,1.0,0.5,1.0,2,test2.jpg,,0.0
236,56,1,1.0,0.5,1.0,2,test3.jpg,,0.0
237,5401,1,1.0,0.5,1.0,2,test4.jpg,,0.0
238,8513,1,1.0,0.5,1.0,2,test5.jpg,,0.0
239,75,1,1.0,0.5,1.0,2,test6.jpg,,0.0
240,,1,1.0,0.5,1.5,1,test1.jpg,,0.0
241,2722,1,1.0,0.5,1.5,1,test2.jpg,,0.0
242,56,1,1.0,0.5,1.5,1,test3.jpg,,0.0
243,5401,1,1.0,0.5,1.5,1,test4.jpg,,0.0
244,8513,1,1.0,0.5,1.5,1,test5.jpg,,0.0
245,75,1,1.0,0.5,1.5,1,test6.jpg,,0.0
246,,1,1.0,0.5,1.5,2,test1.jpg,,0.0
247,2722,1,1.0,0.5,1.5,2,test2.jpg,,0.0
248,56,1,1.0,0.5,1.5,2,test3.jpg,,0.0
249,5401,1,1.0,0.5,1.5,2,test4.jpg,,0.0
250,8513,1,1.0,0.5,1.5,2,test5.jpg,,0.0
251,75,1,1.0,0.5,1.5,2,test6.jpg,,0.0
252,,1,1.0,1.0,0.5,1,test1.jpg,1381,0.956357479095459
253,2722,1,1.0,1.0,0.5,1,test2.jpg,2720,0.831427812576294
254,56,1,1.0,1.0,0.5,1,test3.jpg,5R,0.6719388961791992
255,5401,1,1.0,1.0,0.5,1,test4.jpg,SADI,0.8659286499023438
256,8513,1,1.0,1.0,0.5,1,test5.jpg,,0.0
257,75,1,1.0,1.0,0.5,1,test6.jpg,75,0.9282836318016052
258,,1,1.0,1.0,0.5,2,test1.jpg,1381,0.956357479095459
259,2722,1,1.0,1.0,0.5,2,test2.jpg,2720,0.831427812576294
260,56,1,1.0,1.0,0.5,2,test3.jpg,5R,0.6719388961791992
261,5401,1,1.0,1.0,0.5,2,test4.jpg,SADI,0.8659286499023438
262,8513,1,1.0,1.0,0.5,2,test5.jpg,,0.0
263,75,1,1.0,1.0,0.5,2,test6.jpg,75,0.9282836318016052
264,,1,1.0,1.0,1.0,1,test1.jpg,,0.0
265,2722,1,1.0,1.0,1.0,1,test2.jpg,,0.0
266,56,1,1.0,1.0,1.0,1,test3.jpg,,0.0
267,5401,1,1.0,1.0,1.0,1,test4.jpg,,0.0
268,8513,1,1.0,1.0,1.0,1,test5.jpg,,0.0
269,75,1,1.0,1.0,1.0,1,test6.jpg,,0.0
270,,1,1.0,1.0,1.0,2,test1.jpg,,0.0
271,2722,1,1.0,1.0,1.0,2,test2.jpg,,0.0
272,56,1,1.0,1.0,1.0,2,test3.jpg,,0.0
273,5401,1,1.0,1.0,1.0,2,test4.jpg,,0.0
274,8513,1,1.0,1.0,1.0,2,test5.jpg,,0.0
275,75,1,1.0,1.0,1.0,2,test6.jpg,,0.0
276,,1,1.0,1.0,1.5,1,test1.jpg,,0.0
277,2722,1,1.0,1.0,1.5,1,test2.jpg,,0.0
278,56,1,1.0,1.0,1.5,1,test3.jpg,,0.0
279,5401,1,1.0,1.0,1.5,1,test4.jpg,,0.0
280,8513,1,1.0,1.0,1.5,1,test5.jpg,,0.0
281,75,1,1.0,1.0,1.5,1,test6.jpg,,0.0
282,,1,1.0,1.0,1.5,2,test1.jpg,,0.0
283,2722,1,1.0,1.0,1.5,2,test2.jpg,,0.0
284,56,1,1.0,1.0,1.5,2,test3.jpg,,0.0
285,5401,1,1.0,1.0,1.5,2,test4.jpg,,0.0
286,8513,1,1.0,1.0,1.5,2,test5.jpg,,0.0
287,75,1,1.0,1.0,1.5,2,test6.jpg,,0.0
288,,1,1.0,1.5,0.5,1,test1.jpg,1381,0.956357479095459
289,2722,1,1.0,1.5,0.5,1,test2.jpg,2720,0.831427812576294
290,56,1,1.0,1.5,0.5,1,test3.jpg,5R,0.6719388961791992
291,5401,1,1.0,1.5,0.5,1,test4.jpg,SADI,0.8659286499023438
292,8513,1,1.0,1.5,0.5,1,test5.jpg,,0.0
293,75,1,1.0,1.5,0.5,1,test6.jpg,75,0.9282836318016052
294,,1,1.0,1.5,0.5,2,test1.jpg,1381,0.956357479095459
295,2722,1,1.0,1.5,0.5,2,test2.jpg,2720,0.831427812576294
296,56,1,1.0,1.5,0.5,2,test3.jpg,5R,0.6719388961791992
297,5401,1,1.0,1.5,0.5,2,test4.jpg,SADI,0.8659286499023438
298,8513,1,1.0,1.5,0.5,2,test5.jpg,,0.0
299,75,1,1.0,1.5,0.5,2,test6.jpg,75,0.9282836318016052
300,,1,1.0,1.5,1.0,1,test1.jpg,,0.0
301,2722,1,1.0,1.5,1.0,1,test2.jpg,,0.0
302,56,1,1.0,1.5,1.0,1,test3.jpg,,0.0
303,5401,1,1.0,1.5,1.0,1,test4.jpg,,0.0
304,8513,1,1.0,1.5,1.0,1,test5.jpg,,0.0
305,75,1,1.0,1.5,1.0,1,test6.jpg,,0.0
306,,1,1.0,1.5,1.0,2,test1.jpg,,0.0
307,2722,1,1.0,1.5,1.0,2,test2.jpg,,0.0
308,56,1,1.0,1.5,1.0,2,test3.jpg,,0.0
309,5401,1,1.0,1.5,1.0,2,test4.jpg,,0.0
310,8513,1,1.0,1.5,1.0,2,test5.jpg,,0.0
311,75,1,1.0,1.5,1.0,2,test6.jpg,,0.0
312,,1,1.0,1.5,1.5,1,test1.jpg,,0.0
313,2722,1,1.0,1.5,1.5,1,test2.jpg,,0.0
314,56,1,1.0,1.5,1.5,1,test3.jpg,,0.0
315,5401,1,1.0,1.5,1.5,1,test4.jpg,,0.0
316,8513,1,1.0,1.5,1.5,1,test5.jpg,,0.0
317,75,1,1.0,1.5,1.5,1,test6.jpg,,0.0
318,,1,1.0,1.5,1.5,2,test1.jpg,,0.0
319,2722,1,1.0,1.5,1.5,2,test2.jpg,,0.0
320,56,1,1.0,1.5,1.5,2,test3.jpg,,0.0
321,5401,1,1.0,1.5,1.5,2,test4.jpg,,0.0
322,8513,1,1.0,1.5,1.5,2,test5.jpg,,0.0
323,75,1,1.0,1.5,1.5,2,test6.jpg,,0.0
324,,1,1.5,0.5,0.5,1,test1.jpg,1381,0.956357479095459
325,2722,1,1.5,0.5,0.5,1,test2.jpg,2720,0.831427812576294
326,56,1,1.5,0.5,0.5,1,test3.jpg,5R,0.6719388961791992
327,5401,1,1.5,0.5,0.5,1,test4.jpg,SADI,0.8659286499023438
328,8513,1,1.5,0.5,0.5,1,test5.jpg,,0.0
329,75,1,1.5,0.5,0.5,1,test6.jpg,75,0.9282836318016052
330,,1,1.5,0.5,0.5,2,test1.jpg,1381,0.956357479095459
331,2722,1,1.5,0.5,0.5,2,test2.jpg,2720,0.831427812576294
332,56,1,1.5,0.5,0.5,2,test3.jpg,5R,0.6719388961791992
333,5401,1,1.5,0.5,0.5,2,test4.jpg,SADI,0.8659286499023438
334,8513,1,1.5,0.5,0.5,2,test5.jpg,,0.0
335,75,1,1.5,0.5,0.5,2,test6.jpg,75,0.9282836318016052
336,,1,1.5,0.5,1.0,1,test1.jpg,,0.0
337,2722,1,1.5,0.5,1.0,1,test2.jpg,,0.0
338,56,1,1.5,0.5,1.0,1,test3.jpg,,0.0
339,5401,1,1.5,0.5,1.0,1,test4.jpg,,0.0
340,8513,1,1.5,0.5,1.0,1,test5.jpg,,0.0
341,75,1,1.5,0.5,1.0,1,test6.jpg,,0.0
342,,1,1.5,0.5,1.0,2,test1.jpg,,0.0
343,2722,1,1.5,0.5,1.0,2,test2.jpg,,0.0
344,56,1,1.5,0.5,1.0,2,test3.jpg,,0.0
345,5401,1,1.5,0.5,1.0,2,test4.jpg,,0.0
346,8513,1,1.5,0.5,1.0,2,test5.jpg,,0.0
347,75,1,1.5,0.5,1.0,2,test6.jpg,,0.0
348,,1,1.5,0.5,1.5,1,test1.jpg,,0.0
349,2722,1,1.5,0.5,1.5,1,test2.jpg,,0.0
350,56,1,1.5,0.5,1.5,1,test3.jpg,,0.0
351,5401,1,1.5,0.5,1.5,1,test4.jpg,,0.0
352,8513,1,1.5,0.5,1.5,1,test5.jpg,,0.0
353,75,1,1.5,0.5,1.5,1,test6.jpg,,0.0
354,,1,1.5,0.5,1.5,2,test1.jpg,,0.0
355,2722,1,1.5,0.5,1.5,2,test2.jpg,,0.0
356,56,1,1.5,0.5,1.5,2,test3.jpg,,0.0
357,5401,1,1.5,0.5,1.5,2,test4.jpg,,0.0
358,8513,1,1.5,0.5,1.5,2,test5.jpg,,0.0
359,75,1,1.5,0.5,1.5,2,test6.jpg,,0.0
360,,1,1.5,1.0,0.5,1,test1.jpg,1381,0.956357479095459
361,2722,1,1.5,1.0,0.5,1,test2.jpg,2720,0.831427812576294
362,56,1,1.5,1.0,0.5,1,test3.jpg,5R,0.6719388961791992
363,5401,1,1.5,1.0,0.5,1,test4.jpg,SADI,0.8659286499023438
364,8513,1,1.5,1.0,0.5,1,test5.jpg,,0.0
365,75,1,1.5,1.0,0.5,1,test6.jpg,75,0.9282836318016052
366,,1,1.5,1.0,0.5,2,test1.jpg,1381,0.956357479095459
367,2722,1,1.5,1.0,0.5,2,test2.jpg,2720,0.831427812576294
368,56,1,1.5,1.0,0.5,2,test3.jpg,5R,0.6719388961791992
369,5401,1,1.5,1.0,0.5,2,test4.jpg,SADI,0.8659286499023438
370,8513,1,1.5,1.0,0.5,2,test5.jpg,,0.0
371,75,1,1.5,1.0,0.5,2,test6.jpg,75,0.9282836318016052
372,,1,1.5,1.0,1.0,1,test1.jpg,,0.0
373,2722,1,1.5,1.0,1.0,1,test2.jpg,,0.0
374,56,1,1.5,1.0,1.0,1,test3.jpg,,0.0
375,5401,1,1.5,1.0,1.0,1,test4.jpg,,0.0
376,8513,1,1.5,1.0,1.0,1,test5.jpg,,0.0
377,75,1,1.5,1.0,1.0,1,test6.jpg,,0.0
378,,1,1.5,1.0,1.0,2,test1.jpg,,0.0
379,2722,1,1.5,1.0,1.0,2,test2.jpg,,0.0
380,56,1,1.5,1.0,1.0,2,test3.jpg,,0.0
381,5401,1,1.5,1.0,1.0,2,test4.jpg,,0.0
382,8513,1,1.5,1.0,1.0,2,test5.jpg,,0.0
383,75,1,1.5,1.0,1.0,2,test6.jpg,,0.0
384,,1,1.5,1.0,1.5,1,test1.jpg,,0.0
385,2722,1,1.5,1.0,1.5,1,test2.jpg,,0.0
386,56,1,1.5,1.0,1.5,1,test3.jpg,,0.0
387,5401,1,1.5,1.0,1.5,1,test4.jpg,,0.0
388,8513,1,1.5,1.0,1.5,1,test5.jpg,,0.0
389,75,1,1.5,1.0,1.5,1,test6.jpg,,0.0
390,,1,1.5,1.0,1.5,2,test1.jpg,,0.0
391,2722,1,1.5,1.0,1.5,2,test2.jpg,,0.0
392,56,1,1.5,1.0,1.5,2,test3.jpg,,0.0
393,5401,1,1.5,1.0,1.5,2,test4.jpg,,0.0
394,8513,1,1.5,1.0,1.5,2,test5.jpg,,0.0
395,75,1,1.5,1.0,1.5,2,test6.jpg,,0.0
396,,1,1.5,1.5,0.5,1,test1.jpg,1381,0.956357479095459
397,2722,1,1.5,1.5,0.5,1,test2.jpg,2720,0.831427812576294
398,56,1,1.5,1.5,0.5,1,test3.jpg,5R,0.6719388961791992
399,5401,1,1.5,1.5,0.5,1,test4.jpg,SADI,0.8659286499023438
400,8513,1,1.5,1.5,0.5,1,test5.jpg,,0.0
401,75,1,1.5,1.5,0.5,1,test6.jpg,75,0.9282836318016052
402,,1,1.5,1.5,0.5,2,test1.jpg,1381,0.956357479095459
403,2722,1,1.5,1.5,0.5,2,test2.jpg,2720,0.831427812576294
404,56,1,1.5,1.5,0.5,2,test3.jpg,5R,0.6719388961791992
405,5401,1,1.5,1.5,0.5,2,test4.jpg,SADI,0.8659286499023438
406,8513,1,1.5,1.5,0.5,2,test5.jpg,,0.0
407,75,1,1.5,1.5,0.5,2,test6.jpg,75,0.9282836318016052
408,,1,1.5,1.5,1.0,1,test1.jpg,,0.0
409,2722,1,1.5,1.5,1.0,1,test2.jpg,,0.0
410,56,1,1.5,1.5,1.0,1,test3.jpg,,0.0
411,5401,1,1.5,1.5,1.0,1,test4.jpg,,0.0
412,8513,1,1.5,1.5,1.0,1,test5.jpg,,0.0
413,75,1,1.5,1.5,1.0,1,test6.jpg,,0.0
414,,1,1.5,1.5,1.0,2,test1.jpg,,0.0
415,2722,1,1.5,1.5,1.0,2,test2.jpg,,0.0
416,56,1,1.5,1.5,1.0,2,test3.jpg,,0.0
417,5401,1,1.5,1.5,1.0,2,test4.jpg,,0.0
418,8513,1,1.5,1.5,1.0,2,test5.jpg,,0.0
419,75,1,1.5,1.5,1.0,2,test6.jpg,,0.0
420,,1,1.5,1.5,1.5,1,test1.jpg,,0.0
421,2722,1,1.5,1.5,1.5,1,test2.jpg,,0.0
422,56,1,1.5,1.5,1.5,1,test3.jpg,,0.0
423,5401,1,1.5,1.5,1.5,1,test4.jpg,,0.0
424,8513,1,1.5,1.5,1.5,1,test5.jpg,,0.0
425,75,1,1.5,1.5,1.5,1,test6.jpg,,0.0
426,,1,1.5,1.5,1.5,2,test1.jpg,,0.0
427,2722,1,1.5,1.5,1.5,2,test2.jpg,,0.0
428,56,1,1.5,1.5,1.5,2,test3.jpg,,0.0
429,5401,1,1.5,1.5,1.5,2,test4.jpg,,0.0
430,8513,1,1.5,1.5,1.5,2,test5.jpg,,0.0
431,75,1,1.5,1.5,1.5,2,test6.jpg,,0.0
432,,2,0.1,0.5,0.5,1,test1.jpg,1381,0.9336439967155457
433,2722,2,0.1,0.5,0.5,1,test2.jpg,2720,0.8278534412384033
434,56,2,0.1,0.5,0.5,1,test3.jpg,,0.0
435,5401,2,0.1,0.5,0.5,1,test4.jpg,SADI,0.8573957681655884
436,8513,2,0.1,0.5,0.5,1,test5.jpg,,0.0
437,75,2,0.1,0.5,0.5,1,test6.jpg,75,0.9282336831092834
438,,2,0.1,0.5,0.5,2,test1.jpg,1381,0.9336439967155457
439,2722,2,0.1,0.5,0.5,2,test2.jpg,2720,0.8278534412384033
440,56,2,0.1,0.5,0.5,2,test3.jpg,,0.0
441,5401,2,0.1,0.5,0.5,2,test4.jpg,SADI,0.8047095537185669
442,8513,2,0.1,0.5,0.5,2,test5.jpg,,0.0
443,75,2,0.1,0.5,0.5,2,test6.jpg,75,0.9282336831092834
444,,2,0.1,0.5,1.0,1,test1.jpg,,0.0
445,2722,2,0.1,0.5,1.0,1,test2.jpg,,0.0
446,56,2,0.1,0.5,1.0,1,test3.jpg,,0.0
447,5401,2,0.1,0.5,1.0,1,test4.jpg,,0.0
448,8513,2,0.1,0.5,1.0,1,test5.jpg,,0.0
449,75,2,0.1,0.5,1.0,1,test6.jpg,,0.0
450,,2,0.1,0.5,1.0,2,test1.jpg,,0.0
451,2722,2,0.1,0.5,1.0,2,test2.jpg,,0.0
452,56,2,0.1,0.5,1.0,2,test3.jpg,,0.0
453,5401,2,0.1,0.5,1.0,2,test4.jpg,,0.0
454,8513,2,0.1,0.5,1.0,2,test5.jpg,,0.0
455,75,2,0.1,0.5,1.0,2,test6.jpg,,0.0
456,,2,0.1,0.5,1.5,1,test1.jpg,,0.0
457,2722,2,0.1,0.5,1.5,1,test2.jpg,,0.0
458,56,2,0.1,0.5,1.5,1,test3.jpg,,0.0
459,5401,2,0.1,0.5,1.5,1,test4.jpg,,0.0
460,8513,2,0.1,0.5,1.5,1,test5.jpg,,0.0
461,75,2,0.1,0.5,1.5,1,test6.jpg,,0.0
462,,2,0.1,0.5,1.5,2,test1.jpg,,0.0
463,2722,2,0.1,0.5,1.5,2,test2.jpg,,0.0
464,56,2,0.1,0.5,1.5,2,test3.jpg,,0.0
465,5401,2,0.1,0.5,1.5,2,test4.jpg,,0.0
466,8513,2,0.1,0.5,1.5,2,test5.jpg,,0.0
467,75,2,0.1,0.5,1.5,2,test6.jpg,,0.0
468,,2,0.1,1.0,0.5,1,test1.jpg,1381,0.9265834093093872
469,2722,2,0.1,1.0,0.5,1,test2.jpg,2720,0.822197437286377
470,56,2,0.1,1.0,0.5,1,test3.jpg,,0.0
471,5401,2,0.1,1.0,0.5,1,test4.jpg,SADI,0.8844324350357056
472,8513,2,0.1,1.0,0.5,1,test5.jpg,,0.0
473,75,2,0.1,1.0,0.5,1,test6.jpg,75,0.9300817251205444
474,,2,0.1,1.0,0.5,2,test1.jpg,1381,0.9265834093093872
475,2722,2,0.1,1.0,0.5,2,test2.jpg,2720,0.822197437286377
476,56,2,0.1,1.0,0.5,2,test3.jpg,,0.0
477,5401,2,0.1,1.0,0.5,2,test4.jpg,SADI,0.8844324350357056
478,8513,2,0.1,1.0,0.5,2,test5.jpg,,0.0
479,75,2,0.1,1.0,0.5,2,test6.jpg,75,0.9300817251205444
480,,2,0.1,1.0,1.0,1,test1.jpg,,0.0
481,2722,2,0.1,1.0,1.0,1,test2.jpg,,0.0
482,56,2,0.1,1.0,1.0,1,test3.jpg,,0.0
483,5401,2,0.1,1.0,1.0,1,test4.jpg,,0.0
484,8513,2,0.1,1.0,1.0,1,test5.jpg,,0.0
485,75,2,0.1,1.0,1.0,1,test6.jpg,,0.0
486,,2,0.1,1.0,1.0,2,test1.jpg,,0.0
487,2722,2,0.1,1.0,1.0,2,test2.jpg,,0.0
488,56,2,0.1,1.0,1.0,2,test3.jpg,,0.0
489,5401,2,0.1,1.0,1.0,2,test4.jpg,,0.0
490,8513,2,0.1,1.0,1.0,2,test5.jpg,,0.0
491,75,2,0.1,1.0,1.0,2,test6.jpg,,0.0
492,,2,0.1,1.0,1.5,1,test1.jpg,,0.0
493,2722,2,0.1,1.0,1.5,1,test2.jpg,,0.0
494,56,2,0.1,1.0,1.5,1,test3.jpg,,0.0
495,5401,2,0.1,1.0,1.5,1,test4.jpg,,0.0
496,8513,2,0.1,1.0,1.5,1,test5.jpg,,0.0
497,75,2,0.1,1.0,1.5,1,test6.jpg,,0.0
498,,2,0.1,1.0,1.5,2,test1.jpg,,0.0
499,2722,2,0.1,1.0,1.5,2,test2.jpg,,0.0
500,56,2,0.1,1.0,1.5,2,test3.jpg,,0.0
501,5401,2,0.1,1.0,1.5,2,test4.jpg,,0.0
502,8513,2,0.1,1.0,1.5,2,test5.jpg,,0.0
503,75,2,0.1,1.0,1.5,2,test6.jpg,,0.0
504,,2,0.1,1.5,0.5,1,test1.jpg,1381,0.9336540699005127
505,2722,2,0.1,1.5,0.5,1,test2.jpg,2720,0.8359512686729431
506,56,2,0.1,1.5,0.5,1,test3.jpg,,0.0
507,5401,2,0.1,1.5,0.5,1,test4.jpg,SADI,0.8682906031608582
508,8513,2,0.1,1.5,0.5,1,test5.jpg,,0.0
509,75,2,0.1,1.5,0.5,1,test6.jpg,75,0.9337682723999023
510,,2,0.1,1.5,0.5,2,test1.jpg,1381,0.9336540699005127
511,2722,2,0.1,1.5,0.5,2,test2.jpg,2720,0.8359512686729431
512,56,2,0.1,1.5,0.5,2,test3.jpg,,0.0
513,5401,2,0.1,1.5,0.5,2,test4.jpg,SADI,0.8682906031608582
514,8513,2,0.1,1.5,0.5,2,test5.jpg,,0.0
515,75,2,0.1,1.5,0.5,2,test6.jpg,75,0.9337682723999023
516,,2,0.1,1.5,1.0,1,test1.jpg,,0.0
517,2722,2,0.1,1.5,1.0,1,test2.jpg,,0.0
518,56,2,0.1,1.5,1.0,1,test3.jpg,,0.0
519,5401,2,0.1,1.5,1.0,1,test4.jpg,,0.0
520,8513,2,0.1,1.5,1.0,1,test5.jpg,,0.0
521,75,2,0.1,1.5,1.0,1,test6.jpg,,0.0
522,,2,0.1,1.5,1.0,2,test1.jpg,,0.0
523,2722,2,0.1,1.5,1.0,2,test2.jpg,,0.0
524,56,2,0.1,1.5,1.0,2,test3.jpg,,0.0
525,5401,2,0.1,1.5,1.0,2,test4.jpg,,0.0
526,8513,2,0.1,1.5,1.0,2,test5.jpg,,0.0
527,75,2,0.1,1.5,1.0,2,test6.jpg,,0.0
528,,2,0.1,1.5,1.5,1,test1.jpg,,0.0
529,2722,2,0.1,1.5,1.5,1,test2.jpg,,0.0
530,56,2,0.1,1.5,1.5,1,test3.jpg,,0.0
531,5401,2,0.1,1.5,1.5,1,test4.jpg,,0.0
532,8513,2,0.1,1.5,1.5,1,test5.jpg,,0.0
533,75,2,0.1,1.5,1.5,1,test6.jpg,,0.0
534,,2,0.1,1.5,1.5,2,test1.jpg,,0.0
535,2722,2,0.1,1.5,1.5,2,test2.jpg,,0.0
536,56,2,0.1,1.5,1.5,2,test3.jpg,,0.0
537,5401,2,0.1,1.5,1.5,2,test4.jpg,,0.0
538,8513,2,0.1,1.5,1.5,2,test5.jpg,,0.0
539,75,2,0.1,1.5,1.5,2,test6.jpg,,0.0
540,,2,0.5,0.5,0.5,1,test1.jpg,1381,0.9336439967155457
541,2722,2,0.5,0.5,0.5,1,test2.jpg,2720,0.8278534412384033
542,56,2,0.5,0.5,0.5,1,test3.jpg,,0.0
543,5401,2,0.5,0.5,0.5,1,test4.jpg,SADI,0.8573957681655884
544,8513,2,0.5,0.5,0.5,1,test5.jpg,,0.0
545,75,2,0.5,0.5,0.5,1,test6.jpg,75,0.9282336831092834
546,,2,0.5,0.5,0.5,2,test1.jpg,1381,0.9336439967155457
547,2722,2,0.5,0.5,0.5,2,test2.jpg,2720,0.8278534412384033
548,56,2,0.5,0.5,0.5,2,test3.jpg,,0.0
549,5401,2,0.5,0.5,0.5,2,test4.jpg,SADI,0.8573957681655884
550,8513,2,0.5,0.5,0.5,2,test5.jpg,,0.0
551,75,2,0.5,0.5,0.5,2,test6.jpg,75,0.9282336831092834
552,,2,0.5,0.5,1.0,1,test1.jpg,,0.0
553,2722,2,0.5,0.5,1.0,1,test2.jpg,,0.0
554,56,2,0.5,0.5,1.0,1,test3.jpg,,0.0
555,5401,2,0.5,0.5,1.0,1,test4.jpg,,0.0
556,8513,2,0.5,0.5,1.0,1,test5.jpg,,0.0
557,75,2,0.5,0.5,1.0,1,test6.jpg,,0.0
558,,2,0.5,0.5,1.0,2,test1.jpg,,0.0
559,2722,2,0.5,0.5,1.0,2,test2.jpg,,0.0
560,56,2,0.5,0.5,1.0,2,test3.jpg,,0.0
561,5401,2,0.5,0.5,1.0,2,test4.jpg,,0.0
562,8513,2,0.5,0.5,1.0,2,test5.jpg,,0.0
563,75,2,0.5,0.5,1.0,2,test6.jpg,,0.0
564,,2,0.5,0.5,1.5,1,test1.jpg,,0.0
565,2722,2,0.5,0.5,1.5,1,test2.jpg,,0.0
566,56,2,0.5,0.5,1.5,1,test3.jpg,,0.0
567,5401,2,0.5,0.5,1.5,1,test4.jpg,,0.0
568,8513,2,0.5,0.5,1.5,1,test5.jpg,,0.0
569,75,2,0.5,0.5,1.5,1,test6.jpg,,0.0
570,,2,0.5,0.5,1.5,2,test1.jpg,,0.0
571,2722,2,0.5,0.5,1.5,2,test2.jpg,,0.0
572,56,2,0.5,0.5,1.5,2,test3.jpg,,0.0
573,5401,2,0.5,0.5,1.5,2,test4.jpg,,0.0
574,8513,2,0.5,0.5,1.5,2,test5.jpg,,0.0
575,75,2,0.5,0.5,1.5,2,test6.jpg,,0.0
576,,2,0.5,1.0,0.5,1,test1.jpg,1381,0.9265834093093872
577,2722,2,0.5,1.0,0.5,1,test2.jpg,2720,0.822197437286377
578,56,2,0.5,1.0,0.5,1,test3.jpg,50,0.5086058378219604
579,5401,2,0.5,1.0,0.5,1,test4.jpg,SADI,0.8844324350357056
580,8513,2,0.5,1.0,0.5,1,test5.jpg,,0.0
581,75,2,0.5,1.0,0.5,1,test6.jpg,75,0.9300817251205444
582,,2,0.5,1.0,0.5,2,test1.jpg,1381,0.9265834093093872
583,2722,2,0.5,1.0,0.5,2,test2.jpg,2720,0.822197437286377
584,56,2,0.5,1.0,0.5,2,test3.jpg,50,0.5086058378219604
585,5401,2,0.5,1.0,0.5,2,test4.jpg,SADI,0.8844324350357056
586,8513,2,0.5,1.0,0.5,2,test5.jpg,,0.0
587,75,2,0.5,1.0,0.5,2,test6.jpg,75,0.9300817251205444
588,,2,0.5,1.0,1.0,1,test1.jpg,,0.0
589,2722,2,0.5,1.0,1.0,1,test2.jpg,,0.0
590,56,2,0.5,1.0,1.0,1,test3.jpg,,0.0
591,5401,2,0.5,1.0,1.0,1,test4.jpg,,0.0
592,8513,2,0.5,1.0,1.0,1,test5.jpg,,0.0
593,75,2,0.5,1.0,1.0,1,test6.jpg,,0.0
594,,2,0.5,1.0,1.0,2,test1.jpg,,0.0
595,2722,2,0.5,1.0,1.0,2,test2.jpg,,0.0
596,56,2,0.5,1.0,1.0,2,test3.jpg,,0.0
597,5401,2,0.5,1.0,1.0,2,test4.jpg,,0.0
598,8513,2,0.5,1.0,1.0,2,test5.jpg,,0.0
599,75,2,0.5,1.0,1.0,2,test6.jpg,,0.0
600,,2,0.5,1.0,1.5,1,test1.jpg,,0.0
601,2722,2,0.5,1.0,1.5,1,test2.jpg,,0.0
602,56,2,0.5,1.0,1.5,1,test3.jpg,,0.0
603,5401,2,0.5,1.0,1.5,1,test4.jpg,,0.0
604,8513,2,0.5,1.0,1.5,1,test5.jpg,,0.0
605,75,2,0.5,1.0,1.5,1,test6.jpg,,0.0
606,,2,0.5,1.0,1.5,2,test1.jpg,,0.0
607,2722,2,0.5,1.0,1.5,2,test2.jpg,,0.0
608,56,2,0.5,1.0,1.5,2,test3.jpg,,0.0
609,5401,2,0.5,1.0,1.5,2,test4.jpg,,0.0
610,8513,2,0.5,1.0,1.5,2,test5.jpg,,0.0
611,75,2,0.5,1.0,1.5,2,test6.jpg,,0.0
612,,2,0.5,1.5,0.5,1,test1.jpg,1381,0.9296426177024841
613,2722,2,0.5,1.5,0.5,1,test2.jpg,2720,0.8359512686729431
614,56,2,0.5,1.5,0.5,1,test3.jpg,,0.0
615,5401,2,0.5,1.5,0.5,1,test4.jpg,SADI,0.8682906031608582
616,8513,2,0.5,1.5,0.5,1,test5.jpg,,0.0
617,75,2,0.5,1.5,0.5,1,test6.jpg,75,0.9337682723999023
618,,2,0.5,1.5,0.5,2,test1.jpg,1381,0.9296426177024841
619,2722,2,0.5,1.5,0.5,2,test2.jpg,2720,0.8359512686729431
620,56,2,0.5,1.5,0.5,2,test3.jpg,,0.0
621,5401,2,0.5,1.5,0.5,2,test4.jpg,SADI,0.8682906031608582
622,8513,2,0.5,1.5,0.5,2,test5.jpg,,0.0
623,75,2,0.5,1.5,0.5,2,test6.jpg,75,0.9337682723999023
624,,2,0.5,1.5,1.0,1,test1.jpg,,0.0
625,2722,2,0.5,1.5,1.0,1,test2.jpg,,0.0
626,56,2,0.5,1.5,1.0,1,test3.jpg,,0.0
627,5401,2,0.5,1.5,1.0,1,test4.jpg,,0.0
628,8513,2,0.5,1.5,1.0,1,test5.jpg,,0.0
629,75,2,0.5,1.5,1.0,1,test6.jpg,,0.0
630,,2,0.5,1.5,1.0,2,test1.jpg,,0.0
631,2722,2,0.5,1.5,1.0,2,test2.jpg,,0.0
632,56,2,0.5,1.5,1.0,2,test3.jpg,,0.0
633,5401,2,0.5,1.5,1.0,2,test4.jpg,,0.0
634,8513,2,0.5,1.5,1.0,2,test5.jpg,,0.0
635,75,2,0.5,1.5,1.0,2,test6.jpg,,0.0
636,,2,0.5,1.5,1.5,1,test1.jpg,,0.0
637,2722,2,0.5,1.5,1.5,1,test2.jpg,,0.0
638,56,2,0.5,1.5,1.5,1,test3.jpg,,0.0
639,5401,2,0.5,1.5,1.5,1,test4.jpg,,0.0
640,8513,2,0.5,1.5,1.5,1,test5.jpg,,0.0
641,75,2,0.5,1.5,1.5,1,test6.jpg,,0.0
642,,2,0.5,1.5,1.5,2,test1.jpg,,0.0
643,2722,2,0.5,1.5,1.5,2,test2.jpg,,0.0
644,56,2,0.5,1.5,1.5,2,test3.jpg,,0.0
645,5401,2,0.5,1.5,1.5,2,test4.jpg,,0.0
646,8513,2,0.5,1.5,1.5,2,test5.jpg,,0.0
647,75,2,0.5,1.5,1.5,2,test6.jpg,,0.0
648,,2,1.0,0.5,0.5,1,test1.jpg,1381,0.9336439967155457
649,2722,2,1.0,0.5,0.5,1,test2.jpg,2720,0.8278534412384033
650,56,2,1.0,0.5,0.5,1,test3.jpg,,0.0
651,5401,2,1.0,0.5,0.5,1,test4.jpg,SADI,0.8573957681655884
652,8513,2,1.0,0.5,0.5,1,test5.jpg,,0.0
653,75,2,1.0,0.5,0.5,1,test6.jpg,75,0.9282336831092834
654,,2,1.0,0.5,0.5,2,test1.jpg,1381,0.9336439967155457
655,2722,2,1.0,0.5,0.5,2,test2.jpg,2720,0.8278534412384033
656,56,2,1.0,0.5,0.5,2,test3.jpg,,0.0
657,5401,2,1.0,0.5,0.5,2,test4.jpg,SADI,0.8573957681655884
658,8513,2,1.0,0.5,0.5,2,test5.jpg,,0.0
659,75,2,1.0,0.5,0.5,2,test6.jpg,75,0.9282336831092834
660,,2,1.0,0.5,1.0,1,test1.jpg,,0.0
661,2722,2,1.0,0.5,1.0,1,test2.jpg,,0.0
662,56,2,1.0,0.5,1.0,1,test3.jpg,,0.0
663,5401,2,1.0,0.5,1.0,1,test4.jpg,,0.0
664,8513,2,1.0,0.5,1.0,1,test5.jpg,,0.0
665,75,2,1.0,0.5,1.0,1,test6.jpg,,0.0
666,,2,1.0,0.5,1.0,2,test1.jpg,,0.0
667,2722,2,1.0,0.5,1.0,2,test2.jpg,,0.0
668,56,2,1.0,0.5,1.0,2,test3.jpg,,0.0
669,5401,2,1.0,0.5,1.0,2,test4.jpg,,0.0
670,8513,2,1.0,0.5,1.0,2,test5.jpg,,0.0
671,75,2,1.0,0.5,1.0,2,test6.jpg,,0.0
672,,2,1.0,0.5,1.5,1,test1.jpg,,0.0
673,2722,2,1.0,0.5,1.5,1,test2.jpg,,0.0
674,56,2,1.0,0.5,1.5,1,test3.jpg,,0.0
675,5401,2,1.0,0.5,1.5,1,test4.jpg,,0.0
676,8513,2,1.0,0.5,1.5,1,test5.jpg,,0.0
677,75,2,1.0,0.5,1.5,1,test6.jpg,,0.0
678,,2,1.0,0.5,1.5,2,test1.jpg,,0.0
679,2722,2,1.0,0.5,1.5,2,test2.jpg,,0.0
680,56,2,1.0,0.5,1.5,2,test3.jpg,,0.0
681,5401,2,1.0,0.5,1.5,2,test4.jpg,,0.0
682,8513,2,1.0,0.5,1.5,2,test5.jpg,,0.0
683,75,2,1.0,0.5,1.5,2,test6.jpg,,0.0
684,,2,1.0,1.0,0.5,1,test1.jpg,1381,0.9265834093093872
685,2722,2,1.0,1.0,0.5,1,test2.jpg,2720,0.822197437286377
686,56,2,1.0,1.0,0.5,1,test3.jpg,50,0.5086058378219604
687,5401,2,1.0,1.0,0.5,1,test4.jpg,SADI,0.8844324350357056
688,8513,2,1.0,1.0,0.5,1,test5.jpg,,0.0
689,75,2,1.0,1.0,0.5,1,test6.jpg,75,0.9300817251205444
690,,2,1.0,1.0,0.5,2,test1.jpg,1381,0.9265834093093872
691,2722,2,1.0,1.0,0.5,2,test2.jpg,2720,0.822197437286377
692,56,2,1.0,1.0,0.5,2,test3.jpg,50,0.5086058378219604
693,5401,2,1.0,1.0,0.5,2,test4.jpg,SADI,0.8844324350357056
694,8513,2,1.0,1.0,0.5,2,test5.jpg,,0.0
695,75,2,1.0,1.0,0.5,2,test6.jpg,75,0.9300817251205444
696,,2,1.0,1.0,1.0,1,test1.jpg,,0.0
697,2722,2,1.0,1.0,1.0,1,test2.jpg,,0.0
698,56,2,1.0,1.0,1.0,1,test3.jpg,,0.0
699,5401,2,1.0,1.0,1.0,1,test4.jpg,,0.0
700,8513,2,1.0,1.0,1.0,1,test5.jpg,,0.0
701,75,2,1.0,1.0,1.0,1,test6.jpg,,0.0
702,,2,1.0,1.0,1.0,2,test1.jpg,,0.0
703,2722,2,1.0,1.0,1.0,2,test2.jpg,,0.0
704,56,2,1.0,1.0,1.0,2,test3.jpg,,0.0
705,5401,2,1.0,1.0,1.0,2,test4.jpg,,0.0
706,8513,2,1.0,1.0,1.0,2,test5.jpg,,0.0
707,75,2,1.0,1.0,1.0,2,test6.jpg,,0.0
708,,2,1.0,1.0,1.5,1,test1.jpg,,0.0
709,2722,2,1.0,1.0,1.5,1,test2.jpg,,0.0
710,56,2,1.0,1.0,1.5,1,test3.jpg,,0.0
711,5401,2,1.0,1.0,1.5,1,test4.jpg,,0.0
712,8513,2,1.0,1.0,1.5,1,test5.jpg,,0.0
713,75,2,1.0,1.0,1.5,1,test6.jpg,,0.0
714,,2,1.0,1.0,1.5,2,test1.jpg,,0.0
715,2722,2,1.0,1.0,1.5,2,test2.jpg,,0.0
716,56,2,1.0,1.0,1.5,2,test3.jpg,,0.0
717,5401,2,1.0,1.0,1.5,2,test4.jpg,,0.0
718,8513,2,1.0,1.0,1.5,2,test5.jpg,,0.0
719,75,2,1.0,1.0,1.5,2,test6.jpg,,0.0
720,,2,1.0,1.5,0.5,1,test1.jpg,1381,0.9296426177024841
721,2722,2,1.0,1.5,0.5,1,test2.jpg,2720,0.8359512686729431
722,56,2,1.0,1.5,0.5,1,test3.jpg,,0.0
723,5401,2,1.0,1.5,0.5,1,test4.jpg,SADI,0.8682906031608582
724,8513,2,1.0,1.5,0.5,1,test5.jpg,,0.0
725,75,2,1.0,1.5,0.5,1,test6.jpg,75,0.9337682723999023
726,,2,1.0,1.5,0.5,2,test1.jpg,1381,0.9296426177024841
727,2722,2,1.0,1.5,0.5,2,test2.jpg,2720,0.8359512686729431
728,56,2,1.0,1.5,0.5,2,test3.jpg,,0.0
729,5401,2,1.0,1.5,0.5,2,test4.jpg,SADI,0.8682906031608582
730,8513,2,1.0,1.5,0.5,2,test5.jpg,,0.0
731,75,2,1.0,1.5,0.5,2,test6.jpg,75,0.9337682723999023
732,,2,1.0,1.5,1.0,1,test1.jpg,,0.0
733,2722,2,1.0,1.5,1.0,1,test2.jpg,,0.0
734,56,2,1.0,1.5,1.0,1,test3.jpg,,0.0
735,5401,2,1.0,1.5,1.0,1,test4.jpg,,0.0
736,8513,2,1.0,1.5,1.0,1,test5.jpg,,0.0
737,75,2,1.0,1.5,1.0,1,test6.jpg,,0.0
738,,2,1.0,1.5,1.0,2,test1.jpg,,0.0
739,2722,2,1.0,1.5,1.0,2,test2.jpg,,0.0
740,56,2,1.0,1.5,1.0,2,test3.jpg,,0.0
741,5401,2,1.0,1.5,1.0,2,test4.jpg,,0.0
742,8513,2,1.0,1.5,1.0,2,test5.jpg,,0.0
743,75,2,1.0,1.5,1.0,2,test6.jpg,,0.0
744,,2,1.0,1.5,1.5,1,test1.jpg,,0.0
745,2722,2,1.0,1.5,1.5,1,test2.jpg,,0.0
746,56,2,1.0,1.5,1.5,1,test3.jpg,,0.0
747,5401,2,1.0,1.5,1.5,1,test4.jpg,,0.0
748,8513,2,1.0,1.5,1.5,1,test5.jpg,,0.0
749,75,2,1.0,1.5,1.5,1,test6.jpg,,0.0
750,,2,1.0,1.5,1.5,2,test1.jpg,,0.0
751,2722,2,1.0,1.5,1.5,2,test2.jpg,,0.0
752,56,2,1.0,1.5,1.5,2,test3.jpg,,0.0
753,5401,2,1.0,1.5,1.5,2,test4.jpg,,0.0
754,8513,2,1.0,1.5,1.5,2,test5.jpg,,0.0
755,75,2,1.0,1.5,1.5,2,test6.jpg,,0.0
756,,2,1.5,0.5,0.5,1,test1.jpg,1381,0.9336439967155457
757,2722,2,1.5,0.5,0.5,1,test2.jpg,2720,0.8278534412384033
758,56,2,1.5,0.5,0.5,1,test3.jpg,,0.0
759,5401,2,1.5,0.5,0.5,1,test4.jpg,SADI,0.8573957681655884
760,8513,2,1.5,0.5,0.5,1,test5.jpg,,0.0
761,75,2,1.5,0.5,0.5,1,test6.jpg,75,0.9282336831092834
762,,2,1.5,0.5,0.5,2,test1.jpg,1381,0.9336439967155457
763,2722,2,1.5,0.5,0.5,2,test2.jpg,2720,0.8278534412384033
764,56,2,1.5,0.5,0.5,2,test3.jpg,,0.0
765,5401,2,1.5,0.5,0.5,2,test4.jpg,SADI,0.8573957681655884
766,8513,2,1.5,0.5,0.5,2,test5.jpg,,0.0
767,75,2,1.5,0.5,0.5,2,test6.jpg,75,0.9282336831092834
768,,2,1.5,0.5,1.0,1,test1.jpg,,0.0
769,2722,2,1.5,0.5,1.0,1,test2.jpg,,0.0
770,56,2,1.5,0.5,1.0,1,test3.jpg,,0.0
771,5401,2,1.5,0.5,1.0,1,test4.jpg,,0.0
772,8513,2,1.5,0.5,1.0,1,test5.jpg,,0.0
773,75,2,1.5,0.5,1.0,1,test6.jpg,,0.0
774,,2,1.5,0.5,1.0,2,test1.jpg,,0.0
775,2722,2,1.5,0.5,1.0,2,test2.jpg,,0.0
776,56,2,1.5,0.5,1.0,2,test3.jpg,,0.0
777,5401,2,1.5,0.5,1.0,2,test4.jpg,,0.0
778,8513,2,1.5,0.5,1.0,2,test5.jpg,,0.0
779,75,2,1.5,0.5,1.0,2,test6.jpg,,0.0
780,,2,1.5,0.5,1.5,1,test1.jpg,,0.0
781,2722,2,1.5,0.5,1.5,1,test2.jpg,,0.0
782,56,2,1.5,0.5,1.5,1,test3.jpg,,0.0
783,5401,2,1.5,0.5,1.5,1,test4.jpg,,0.0
784,8513,2,1.5,0.5,1.5,1,test5.jpg,,0.0
785,75,2,1.5,0.5,1.5,1,test6.jpg,,0.0
786,,2,1.5,0.5,1.5,2,test1.jpg,,0.0
787,2722,2,1.5,0.5,1.5,2,test2.jpg,,0.0
788,56,2,1.5,0.5,1.5,2,test3.jpg,,0.0
789,5401,2,1.5,0.5,1.5,2,test4.jpg,,0.0
790,8513,2,1.5,0.5,1.5,2,test5.jpg,,0.0
791,75,2,1.5,0.5,1.5,2,test6.jpg,,0.0
792,,2,1.5,1.0,0.5,1,test1.jpg,1381,0.9265834093093872
793,2722,2,1.5,1.0,0.5,1,test2.jpg,2720,0.822197437286377
794,56,2,1.5,1.0,0.5,1,test3.jpg,50,0.5086058378219604
795,5401,2,1.5,1.0,0.5,1,test4.jpg,SADI,0.8844324350357056
796,8513,2,1.5,1.0,0.5,1,test5.jpg,,0.0
797,75,2,1.5,1.0,0.5,1,test6.jpg,75,0.9300817251205444
798,,2,1.5,1.0,0.5,2,test1.jpg,1381,0.9265834093093872
799,2722,2,1.5,1.0,0.5,2,test2.jpg,2720,0.822197437286377
800,56,2,1.5,1.0,0.5,2,test3.jpg,50,0.5086058378219604
801,5401,2,1.5,1.0,0.5,2,test4.jpg,SADI,0.8844324350357056
802,8513,2,1.5,1.0,0.5,2,test5.jpg,,0.0
803,75,2,1.5,1.0,0.5,2,test6.jpg,75,0.9300817251205444
804,,2,1.5,1.0,1.0,1,test1.jpg,,0.0
805,2722,2,1.5,1.0,1.0,1,test2.jpg,,0.0
806,56,2,1.5,1.0,1.0,1,test3.jpg,,0.0
807,5401,2,1.5,1.0,1.0,1,test4.jpg,,0.0
808,8513,2,1.5,1.0,1.0,1,test5.jpg,,0.0
809,75,2,1.5,1.0,1.0,1,test6.jpg,,0.0
810,,2,1.5,1.0,1.0,2,test1.jpg,,0.0
811,2722,2,1.5,1.0,1.0,2,test2.jpg,,0.0
812,56,2,1.5,1.0,1.0,2,test3.jpg,,0.0
813,5401,2,1.5,1.0,1.0,2,test4.jpg,,0.0
814,8513,2,1.5,1.0,1.0,2,test5.jpg,,0.0
815,75,2,1.5,1.0,1.0,2,test6.jpg,,0.0
816,,2,1.5,1.0,1.5,1,test1.jpg,,0.0
817,2722,2,1.5,1.0,1.5,1,test2.jpg,,0.0
818,56,2,1.5,1.0,1.5,1,test3.jpg,,0.0
819,5401,2,1.5,1.0,1.5,1,test4.jpg,,0.0
820,8513,2,1.5,1.0,1.5,1,test5.jpg,,0.0
821,75,2,1.5,1.0,1.5,1,test6.jpg,,0.0
822,,2,1.5,1.0,1.5,2,test1.jpg,,0.0
823,2722,2,1.5,1.0,1.5,2,test2.jpg,,0.0
824,56,2,1.5,1.0,1.5,2,test3.jpg,,0.0
825,5401,2,1.5,1.0,1.5,2,test4.jpg,,0.0
826,8513,2,1.5,1.0,1.5,2,test5.jpg,,0.0
827,75,2,1.5,1.0,1.5,2,test6.jpg,,0.0
828,,2,1.5,1.5,0.5,1,test1.jpg,1381,0.9296426177024841
829,2722,2,1.5,1.5,0.5,1,test2.jpg,2720,0.8359512686729431
830,56,2,1.5,1.5,0.5,1,test3.jpg,,0.0
831,5401,2,1.5,1.5,0.5,1,test4.jpg,SADI,0.8682906031608582
832,8513,2,1.5,1.5,0.5,1,test5.jpg,,0.0
833,75,2,1.5,1.5,0.5,1,test6.jpg,75,0.9337682723999023
834,,2,1.5,1.5,0.5,2,test1.jpg,1381,0.9296426177024841
835,2722,2,1.5,1.5,0.5,2,test2.jpg,2720,0.8359512686729431
836,56,2,1.5,1.5,0.5,2,test3.jpg,,0.0
837,5401,2,1.5,1.5,0.5,2,test4.jpg,SADI,0.8682906031608582
838,8513,2,1.5,1.5,0.5,2,test5.jpg,,0.0
839,75,2,1.5,1.5,0.5,2,test6.jpg,75,0.9337682723999023
840,,2,1.5,1.5,1.0,1,test1.jpg,,0.0
841,2722,2,1.5,1.5,1.0,1,test2.jpg,,0.0
842,56,2,1.5,1.5,1.0,1,test3.jpg,,0.0
843,5401,2,1.5,1.5,1.0,1,test4.jpg,,0.0
844,8513,2,1.5,1.5,1.0,1,test5.jpg,,0.0
845,75,2,1.5,1.5,1.0,1,test6.jpg,,0.0
846,,2,1.5,1.5,1.0,2,test1.jpg,,0.0
847,2722,2,1.5,1.5,1.0,2,test2.jpg,,0.0
848,56,2,1.5,1.5,1.0,2,test3.jpg,,0.0
849,5401,2,1.5,1.5,1.0,2,test4.jpg,,0.0
850,8513,2,1.5,1.5,1.0,2,test5.jpg,,0.0
851,75,2,1.5,1.5,1.0,2,test6.jpg,,0.0
852,,2,1.5,1.5,1.5,1,test1.jpg,,0.0
853,2722,2,1.5,1.5,1.5,1,test2.jpg,,0.0
854,56,2,1.5,1.5,1.5,1,test3.jpg,,0.0
855,5401,2,1.5,1.5,1.5,1,test4.jpg,,0.0
856,8513,2,1.5,1.5,1.5,1,test5.jpg,,0.0
857,75,2,1.5,1.5,1.5,1,test6.jpg,,0.0
858,,2,1.5,1.5,1.5,2,test1.jpg,,0.0
859,2722,2,1.5,1.5,1.5,2,test2.jpg,,0.0
860,56,2,1.5,1.5,1.5,2,test3.jpg,,0.0
861,5401,2,1.5,1.5,1.5,2,test4.jpg,,0.0
862,8513,2,1.5,1.5,1.5,2,test5.jpg,,0.0
863,75,2,1.5,1.5,1.5,2,test6.jpg,,0.0
